timestamp,open,high,low,close,volume
2024-11-09 16:13:00,76272.74,76272.74,76272.73,76272.73,2.36421
2024-11-09 16:14:00,76272.73,76272.74,76251.0,76251.01,51.70288
2024-11-09 16:15:00,76251.01,76252.0,76214.75,76215.0,88.09341
2024-11-09 16:16:00,76215.0,76215.0,76185.24,76185.24,83.89667
2024-11-09 16:17:00,76185.24,76186.01,76124.44,76124.73,31.05706
2024-11-09 16:18:00,76124.72,76150.36,76100.0,76146.0,40.17657
2024-11-09 16:19:00,76145.99,76222.0,76145.99,76218.0,57.03601
2024-11-09 16:20:00,76218.0,76272.73,76191.76,76264.02,107.45363
2024-11-09 16:21:00,76264.03,76282.0,76172.0,76177.99,30.48038
2024-11-09 16:22:00,76177.98,76177.99,76122.24,76122.24,8.81088
2024-11-09 16:23:00,76122.25,76122.25,76080.0,76118.29,77.86825
2024-11-09 16:24:00,76118.29,76150.0,76105.41,76150.0,17.89015
2024-11-09 16:25:00,76149.99,76150.0,76120.44,76139.99,11.37165
2024-11-09 16:26:00,76139.99,76150.0,76138.0,76138.01,11.53481
2024-11-09 16:27:00,76138.02,76138.02,76066.24,76099.2,79.3181
2024-11-09 16:28:00,76099.2,76099.2,76068.89,76089.99,20.3564
2024-11-09 16:29:00,76090.0,76108.78,76089.99,76104.99,19.87026
2024-11-09 16:30:00,76104.99,76104.99,76058.0,76059.71,18.18003
2024-11-09 16:31:00,76059.71,76070.0,76059.7,76069.24,12.74138
2024-11-09 16:32:00,76069.24,76106.0,76065.98,76105.99,11.43137
2024-11-09 16:33:00,76106.0,76139.99,76104.01,76139.99,6.6511
2024-11-09 16:34:00,76139.99,76150.0,76139.99,76150.0,4.01485
2024-11-09 16:35:00,76149.99,76150.0,76124.0,76144.0,9.52855
2024-11-09 16:36:00,76143.99,76188.0,76143.99,76188.0,6.51092
2024-11-09 16:37:00,76187.99,76188.0,76176.31,76176.31,3.77252
2024-11-09 16:38:00,76176.32,76176.32,76158.01,76158.01,9.10832
2024-11-09 16:39:00,76158.01,76158.02,76112.0,76112.0,8.79182
2024-11-09 16:40:00,76112.01,76112.01,76094.0,76094.01,3.23141
2024-11-09 16:41:00,76094.01,76094.01,76077.94,76077.95,7.04414
2024-11-09 16:42:00,76077.94,76098.0,76071.4,76097.99,9.81218
2024-11-09 16:43:00,76097.99,76098.0,76080.55,76083.72,13.70269
2024-11-09 16:44:00,76083.72,76083.72,76079.2,76079.2,6.48473
2024-11-09 16:45:00,76079.21,76079.21,76062.67,76068.87,8.37968
2024-11-09 16:46:00,76068.86,76080.0,76066.24,76074.01,7.37921
2024-11-09 16:47:00,76074.0,76100.0,76066.0,76100.0,8.28313
2024-11-09 16:48:00,76100.0,76104.96,76068.0,76068.01,7.36316
2024-11-09 16:49:00,76068.0,76114.47,76062.0,76114.46,10.70434
2024-11-09 16:50:00,76114.46,76114.46,76087.06,76089.99,13.22123
2024-11-09 16:51:00,76089.99,76134.0,76089.99,76134.0,5.8053
2024-11-09 16:52:00,76134.0,76150.0,76130.0,76138.0,11.29568
2024-11-09 16:53:00,76138.0,76142.0,76137.99,76141.99,2.27977
2024-11-09 16:54:00,76142.0,76142.0,76114.0,76114.01,4.87551
2024-11-09 16:55:00,76114.01,76114.01,76104.0,76104.0,2.34721
2024-11-09 16:56:00,76104.0,76104.01,76092.41,76092.42,1.79861
2024-11-09 16:57:00,76092.41,76092.42,76092.0,76092.0,3.77324
2024-11-09 16:58:00,76092.0,76092.01,76088.0,76088.0,2.8417
2024-11-09 16:59:00,76088.0,76088.01,76087.18,76087.18,7.81518
2024-11-09 17:00:00,76087.19,76087.19,76062.0,76063.25,17.9871
2024-11-09 17:01:00,76063.24,76063.25,76022.0,76056.0,25.79991
2024-11-09 17:02:00,76055.99,76075.84,76041.07,76041.07,14.8606
2024-11-09 17:03:00,76041.07,76041.08,76028.67,76028.67,6.93619
2024-11-09 17:04:00,76028.67,76030.0,76015.98,76030.0,7.04528
2024-11-09 17:05:00,76029.99,76054.0,76029.99,76039.88,7.05052
2024-11-09 17:06:00,76039.88,76039.89,76001.0,76001.01,31.43604
2024-11-09 17:07:00,76001.0,76038.32,75970.0,75977.99,138.41521
2024-11-09 17:08:00,75977.99,75978.0,75955.18,75955.18,12.39523
2024-11-09 17:09:00,75955.19,75968.07,75946.0,75968.07,27.28154
2024-11-09 17:10:00,75968.07,75977.58,75933.25,75933.26,18.28161
2024-11-09 17:11:00,75933.25,75933.26,75900.0,75915.93,27.21231
2024-11-09 17:12:00,75915.94,75922.0,75885.7,75885.7,21.72588
2024-11-09 17:13:00,75885.7,75907.59,75867.26,75888.01,20.82689
2024-11-09 17:14:00,75888.0,75905.07,75853.18,75861.32,15.75674
2024-11-09 17:15:00,75861.32,75861.33,75826.0,75826.0,19.52809
2024-11-09 17:16:00,75826.01,75829.97,75753.29,75753.29,59.90343
2024-11-09 17:17:00,75753.29,75796.0,75714.66,75782.0,50.93236
2024-11-09 17:18:00,75782.0,75880.7,75781.99,75880.39,22.3031
2024-11-09 17:19:00,75880.69,75884.0,75824.0,75858.87,20.84798
2024-11-09 17:20:00,75858.87,75898.0,75858.86,75884.0,17.05815
2024-11-09 17:21:00,75884.0,75913.94,75883.99,75898.63,19.78141
2024-11-09 17:22:00,75898.63,75939.49,75898.63,75929.61,32.21752
2024-11-09 17:23:00,75929.61,75942.37,75914.81,75924.01,16.33199
2024-11-09 17:24:00,75924.0,75969.7,75924.0,75969.7,10.45621
2024-11-09 17:25:00,75969.7,75972.0,75916.75,75924.57,26.94797
2024-11-09 17:26:00,75924.57,75924.79,75921.53,75921.54,3.14844
2024-11-09 17:27:00,75921.53,75942.14,75921.53,75932.05,6.99185
2024-11-09 17:28:00,75932.06,75969.7,75900.0,75969.7,13.51802
2024-11-09 17:29:00,75969.69,75985.96,75962.0,75977.08,12.3803
2024-11-09 17:30:00,75977.08,75985.96,75953.18,75985.95,6.48606
2024-11-09 17:31:00,75985.95,75990.0,75980.0,75990.0,7.74401
2024-11-09 17:32:00,75989.99,75990.0,75951.23,75955.99,4.89904
2024-11-09 17:33:00,75956.0,75981.45,75954.0,75981.44,3.31016
2024-11-09 17:34:00,75981.44,75988.72,75978.0,75978.0,3.94481
2024-11-09 17:35:00,75978.0,75978.01,75956.1,75964.0,3.81776
2024-11-09 17:36:00,75964.0,75971.16,75960.0,75965.06,2.2822
2024-11-09 17:37:00,75965.07,75978.0,75965.06,75978.0,2.55356
2024-11-09 17:38:00,75977.99,75979.88,75977.99,75979.88,1.48834
2024-11-09 17:39:00,75979.87,76055.43,75979.87,76055.43,28.53173
2024-11-09 17:40:00,76055.42,76087.92,76055.42,76065.99,10.92163
2024-11-09 17:41:00,76065.99,76096.0,76054.83,76096.0,10.02579
2024-11-09 17:42:00,76095.99,76096.0,76050.0,76054.0,13.28565
2024-11-09 17:43:00,76054.01,76058.0,76029.15,76057.99,7.99673
2024-11-09 17:44:00,76058.0,76065.31,76025.76,76025.77,5.58421
2024-11-09 17:45:00,76025.76,76025.78,76008.08,76008.08,8.59778
2024-11-09 17:46:00,76008.09,76020.0,75999.87,76019.99,8.35579
2024-11-09 17:47:00,76020.0,76066.0,76020.0,76058.33,15.49501
2024-11-09 17:48:00,76058.33,76070.0,76051.34,76057.58,7.38176
2024-11-09 17:49:00,76057.58,76094.37,76052.05,76094.37,14.96924
2024-11-09 17:50:00,76094.37,76133.12,76094.36,76133.12,8.51161
2024-11-09 17:51:00,76133.11,76133.12,76122.45,76125.4,7.18434
2024-11-09 17:52:00,76125.4,76139.99,76100.0,76139.98,14.92251
2024-11-09 17:53:00,76139.99,76175.16,76139.98,76175.14,9.15328
2024-11-09 17:54:00,76175.14,76180.93,76166.21,76180.93,8.04665
2024-11-09 17:55:00,76180.93,76180.93,76172.1,76180.36,6.35414
2024-11-09 17:56:00,76180.37,76212.0,76180.36,76212.0,6.34856
2024-11-09 17:57:00,76211.99,76236.75,76211.99,76236.74,10.09245
2024-11-09 17:58:00,76236.74,76236.75,76202.0,76202.0,10.27669
2024-11-09 17:59:00,76202.01,76238.77,76202.0,76238.77,4.26139
2024-11-09 18:00:00,76238.77,76238.77,76214.0,76214.02,10.81287
2024-11-09 18:01:00,76214.01,76214.02,76200.0,76200.01,7.64038
2024-11-09 18:02:00,76200.0,76250.0,76200.0,76249.99,8.04258
2024-11-09 18:03:00,76249.99,76250.0,76214.33,76218.08,17.9321
2024-11-09 18:04:00,76218.08,76280.0,76202.53,76280.0,24.16752
2024-11-09 18:05:00,76280.0,76280.0,76226.53,76226.54,14.25261
2024-11-09 18:06:00,76226.53,76240.01,76207.32,76240.0,9.03218
2024-11-09 18:07:00,76240.0,76259.49,76212.12,76215.83,32.91033
2024-11-09 18:08:00,76215.83,76232.0,76215.82,76216.02,10.02018
2024-11-09 18:09:00,76216.02,76248.01,76216.01,76244.0,13.60583
2024-11-09 18:10:00,76244.0,76252.0,76225.01,76225.02,13.89729
2024-11-09 18:11:00,76225.01,76225.02,76212.27,76212.28,5.09686
2024-11-09 18:12:00,76212.27,76212.28,76212.0,76212.0,2.4048
2024-11-09 18:13:00,76211.76,76211.76,76199.9,76199.9,2.92148
2024-11-09 18:14:00,76199.9,76199.91,76198.0,76198.99,3.0067
2024-11-09 18:15:00,76199.0,76215.56,76198.0,76215.55,19.93598
2024-11-09 18:16:00,76215.56,76250.65,76215.55,76250.65,5.46999
2024-11-09 18:17:00,76250.64,76358.26,76250.64,76330.01,77.22155
2024-11-09 18:18:00,76330.0,76345.5,76312.49,76330.47,8.16524
2024-11-09 18:19:00,76330.47,76330.48,76279.99,76280.0,9.29019
2024-11-09 18:20:00,76280.0,76291.46,76279.99,76285.96,11.65124
2024-11-09 18:21:00,76285.96,76298.87,76279.41,76282.67,9.43678
2024-11-09 18:22:00,76282.68,76330.43,76282.67,76314.1,15.29108
2024-11-09 18:23:00,76314.09,76319.8,76307.67,76312.0,3.41371
2024-11-09 18:24:00,76311.99,76331.47,76311.99,76331.47,8.5957
2024-11-09 18:25:00,76331.46,76347.89,76320.31,76340.0,5.85983
2024-11-09 18:26:00,76340.0,76341.96,76307.8,76307.8,6.70906
2024-11-09 18:27:00,76307.8,76316.0,76307.8,76309.62,4.56598
2024-11-09 18:28:00,76309.61,76316.0,76302.94,76316.0,4.61418
2024-11-09 18:29:00,76315.99,76316.0,76304.02,76308.0,3.75389
2024-11-09 18:30:00,76308.0,76313.27,76307.99,76313.25,6.12086
2024-11-09 18:31:00,76313.26,76313.26,76292.47,76292.48,5.2148
2024-11-09 18:32:00,76292.47,76312.0,76292.47,76311.99,4.89158
2024-11-09 18:33:00,76312.0,76321.35,76312.0,76321.35,4.23358
2024-11-09 18:34:00,76321.35,76349.93,76321.34,76343.41,5.82456
2024-11-09 18:35:00,76343.41,76349.55,76330.0,76332.0,8.64071
2024-11-09 18:36:00,76332.0,76345.09,76332.0,76344.0,2.53377
2024-11-09 18:37:00,76343.99,76344.0,76329.83,76329.84,5.2605
2024-11-09 18:38:00,76329.83,76329.84,76325.11,76325.12,1.07321
2024-11-09 18:39:00,76325.11,76325.12,76321.33,76321.34,1.57157
2024-11-09 18:40:00,76321.33,76322.0,76321.33,76322.0,1.45553
2024-11-09 18:41:00,76322.0,76368.0,76321.99,76368.0,11.39155
2024-11-09 18:42:00,76368.0,76368.0,76350.95,76357.44,5.37759
2024-11-09 18:43:00,76357.44,76357.44,76348.64,76348.65,2.63553
2024-11-09 18:44:00,76348.64,76355.23,76334.99,76337.27,7.53357
2024-11-09 18:45:00,76337.27,76358.0,76332.0,76352.3,14.21762
2024-11-09 18:46:00,76352.3,76357.0,76352.3,76356.99,2.46237
2024-11-09 18:47:00,76357.0,76386.89,76357.0,76384.0,10.26886
2024-11-09 18:48:00,76384.0,76384.0,76351.61,76351.62,4.52011
2024-11-09 18:49:00,76351.62,76373.77,76351.61,76372.34,2.07268
2024-11-09 18:50:00,76372.34,76372.34,76340.0,76340.01,6.14598
2024-11-09 18:51:00,76340.01,76340.01,76329.11,76329.12,1.88037
2024-11-09 18:52:00,76329.12,76357.79,76329.11,76357.79,5.85209
2024-11-09 18:53:00,76357.79,76367.13,76350.0,76367.13,5.50666
2024-11-09 18:54:00,76367.13,76387.19,76367.12,76384.57,5.22556
2024-11-09 18:55:00,76384.58,76386.18,76349.67,76349.67,8.1479
2024-11-09 18:56:00,76349.67,76382.1,76349.67,76368.73,5.12757
2024-11-09 18:57:00,76368.72,76368.73,76344.0,76356.01,6.68257
2024-11-09 18:58:00,76356.0,76359.99,76356.0,76359.99,1.63258
2024-11-09 18:59:00,76359.98,76373.98,76356.52,76356.53,6.99497
2024-11-09 19:00:00,76356.53,76365.97,76326.0,76326.01,18.12456
2024-11-09 19:01:00,76326.01,76700.0,76314.0,76690.01,265.73102
2024-11-09 19:02:00,76690.0,76690.32,76542.11,76601.7,96.91124
2024-11-09 19:03:00,76601.7,76690.0,76552.89,76644.01,40.13171
2024-11-09 19:04:00,76644.0,76656.0,76540.0,76560.0,82.65901
2024-11-09 19:05:00,76560.0,76560.0,76424.0,76544.42,138.57967
2024-11-09 19:06:00,76544.41,76566.0,76524.0,76566.0,29.77197
2024-11-09 19:07:00,76565.99,76566.0,76540.48,76559.99,17.2349
2024-11-09 19:08:00,76559.99,76560.0,76512.0,76512.01,17.05957
2024-11-09 19:09:00,76512.0,76512.0,76464.11,76479.98,22.4097
2024-11-09 19:10:00,76479.99,76479.99,76470.0,76470.01,7.09254
2024-11-09 19:11:00,76470.01,76508.0,76460.26,76508.0,18.61671
2024-11-09 19:12:00,76508.0,76515.12,76504.0,76504.0,8.96372
2024-11-09 19:13:00,76504.0,76520.0,76485.72,76520.0,10.75367
2024-11-09 19:14:00,76519.99,76520.0,76491.31,76498.0,7.77147
2024-11-09 19:15:00,76497.99,76520.0,76441.78,76444.52,35.45302
2024-11-09 19:16:00,76444.51,76460.0,76393.0,76450.0,32.80872
2024-11-09 19:17:00,76450.0,76504.8,76441.15,76464.88,35.3875
2024-11-09 19:18:00,76464.88,76536.81,76464.88,76518.0,18.23166
2024-11-09 19:19:00,76518.01,76533.61,76503.05,76505.99,5.51325
2024-11-09 19:20:00,76505.98,76540.0,76505.98,76510.01,12.44805
2024-11-09 19:21:00,76510.01,76519.8,76440.63,76440.63,15.56135
2024-11-09 19:22:00,76440.64,76446.0,76419.9,76432.0,8.1641
2024-11-09 19:23:00,76432.0,76432.0,76386.13,76386.13,7.03653
2024-11-09 19:24:00,76386.13,76408.0,76376.64,76400.23,9.8001
2024-11-09 19:25:00,76400.22,76400.22,76358.0,76361.98,9.42129
2024-11-09 19:26:00,76361.97,76408.0,76358.0,76396.0,11.59044
2024-11-09 19:27:00,76396.0,76396.01,76385.76,76385.78,2.994
2024-11-09 19:28:00,76385.78,76385.78,76360.0,76360.01,4.90908
2024-11-09 19:29:00,76360.0,76368.0,76360.0,76362.21,3.42038
2024-11-09 19:30:00,76362.21,76362.21,76326.65,76348.0,5.60407
2024-11-09 19:31:00,76348.0,76348.84,76328.23,76332.0,6.77331
2024-11-09 19:32:00,76332.0,76332.0,76167.55,76185.54,90.63607
2024-11-09 19:33:00,76185.54,76230.0,76185.53,76220.0,9.24809
2024-11-09 19:34:00,76219.99,76232.58,76210.27,76232.57,2.88887
2024-11-09 19:35:00,76232.57,76232.58,76212.33,76212.34,12.10956
2024-11-09 19:36:00,76212.33,76212.34,76168.1,76168.1,9.09473
2024-11-09 19:37:00,76168.1,76170.0,76144.02,76144.02,11.82878
2024-11-09 19:38:00,76144.01,76167.35,76116.0,76167.35,11.29656
2024-11-09 19:39:00,76167.35,76189.02,76160.0,76181.81,7.17235
2024-11-09 19:40:00,76181.82,76187.89,76158.98,76165.99,10.41689
2024-11-09 19:41:00,76165.99,76184.0,76148.99,76148.99,3.2647
2024-11-09 19:42:00,76148.99,76169.2,76124.01,76124.01,10.87504
2024-11-09 19:43:00,76124.01,76138.71,76121.14,76121.15,5.1579
2024-11-09 19:44:00,76121.15,76138.0,76120.83,76126.24,4.6331
2024-11-09 19:45:00,76126.24,76140.0,76125.24,76140.0,3.92862
2024-11-09 19:46:00,76139.99,76174.0,76139.99,76174.0,4.02013
2024-11-09 19:47:00,76174.0,76174.0,76144.07,76144.08,5.60595
2024-11-09 19:48:00,76144.08,76180.0,76144.07,76169.47,3.95471
2024-11-09 19:49:00,76169.46,76181.82,76160.48,76181.82,2.20854
2024-11-09 19:50:00,76181.82,76191.54,76178.0,76178.0,3.57148
2024-11-09 19:51:00,76178.01,76191.54,76176.12,76191.53,1.68468
2024-11-09 19:52:00,76191.54,76205.08,76164.0,76164.01,5.99038
2024-11-09 19:53:00,76164.0,76180.0,76164.0,76180.0,1.69981
2024-11-09 19:54:00,76180.0,76180.0,76168.0,76168.01,3.8567
2024-11-09 19:55:00,76168.0,76171.99,76168.0,76168.0,2.25083
2024-11-09 19:56:00,76168.0,76174.0,76147.11,76174.0,6.24765
2024-11-09 19:57:00,76173.99,76181.82,76173.99,76181.82,4.68418
2024-11-09 19:58:00,76181.82,76204.92,76181.81,76204.92,2.31779
2024-11-09 19:59:00,76204.91,76204.92,76204.91,76204.92,2.00851
2024-11-09 20:00:00,76204.91,76204.92,76182.0,76199.57,8.73645
2024-11-09 20:01:00,76199.57,76199.57,76199.56,76199.56,2.21996
2024-11-09 20:02:00,76199.57,76199.57,76199.56,76199.56,1.96841
2024-11-09 20:03:00,76199.57,76200.0,76179.0,76200.0,10.14252
2024-11-09 20:04:00,76199.99,76208.0,76199.99,76208.0,2.24867
2024-11-09 20:05:00,76208.0,76242.43,76207.99,76234.94,5.55348
2024-11-09 20:06:00,76234.95,76243.01,76226.01,76231.37,7.41769
2024-11-09 20:07:00,76231.37,76256.0,76231.36,76256.0,4.24163
2024-11-09 20:08:00,76256.0,76256.0,76232.29,76253.72,8.24192
2024-11-09 20:09:00,76253.73,76276.0,76253.72,76276.0,6.19151
2024-11-09 20:10:00,76275.99,76277.84,76275.99,76277.84,5.79294
2024-11-09 20:11:00,76277.83,76292.0,76277.83,76292.0,6.64974
2024-11-09 20:12:00,76292.0,76304.04,76291.99,76304.03,5.42957
2024-11-09 20:13:00,76304.03,76339.64,76304.03,76339.63,9.60334
2024-11-09 20:14:00,76339.64,76340.0,76279.86,76285.86,8.98087
2024-11-09 20:15:00,76285.86,76330.0,76285.85,76327.13,6.80738
2024-11-09 20:16:00,76327.14,76327.14,76314.2,76314.2,2.76298
2024-11-09 20:17:00,76314.2,76314.21,76263.19,76263.2,9.70231
2024-11-09 20:18:00,76263.2,76274.51,76262.86,76262.86,3.79335
2024-11-09 20:19:00,76262.87,76280.0,76256.0,76280.0,3.05377
2024-11-09 20:20:00,76280.0,76291.44,76236.0,76236.01,17.16056
2024-11-09 20:21:00,76236.01,76263.81,76236.0,76263.81,1.56153
2024-11-09 20:22:00,76263.81,76330.49,76263.8,76330.48,6.79896
2024-11-09 20:23:00,76330.48,76348.0,76330.48,76348.0,9.48954
2024-11-09 20:24:00,76347.99,76356.0,76347.99,76349.06,13.55251
2024-11-09 20:25:00,76349.05,76355.49,76336.33,76355.48,5.58984
2024-11-09 20:26:00,76355.49,76360.0,76355.48,76359.98,4.94048
2024-11-09 20:27:00,76359.98,76359.99,76323.54,76333.32,3.06233
2024-11-09 20:28:00,76333.33,76333.33,76318.0,76320.0,3.46134
2024-11-09 20:29:00,76319.99,76331.91,76319.99,76331.89,9.5047
2024-11-09 20:30:00,76331.89,76331.89,76269.24,76269.25,6.83763
2024-11-09 20:31:00,76269.24,76320.14,76269.24,76320.14,15.15352
2024-11-09 20:32:00,76320.14,76349.28,76319.9,76319.9,5.68372
2024-11-09 20:33:00,76319.9,76327.97,76317.07,76327.96,1.61157
2024-11-09 20:34:00,76327.97,76328.0,76315.51,76315.51,2.63092
2024-11-09 20:35:00,76315.52,76329.4,76315.51,76329.39,4.2833
2024-11-09 20:36:00,76329.39,76332.0,76326.0,76326.0,4.05202
2024-11-09 20:37:00,76326.0,76344.0,76326.0,76326.0,6.49623
2024-11-09 20:38:00,76326.0,76328.94,76322.5,76322.5,3.37083
2024-11-09 20:39:00,76322.5,76322.51,76300.0,76313.99,11.42023
2024-11-09 20:40:00,76314.0,76328.0,76313.99,76328.0,3.43688
2024-11-09 20:41:00,76327.99,76328.0,76321.69,76321.7,4.13732
2024-11-09 20:42:00,76321.69,76322.02,76321.69,76321.72,2.32632
2024-11-09 20:43:00,76321.72,76321.72,76321.71,76321.72,1.35787
2024-11-09 20:44:00,76321.71,76333.62,76321.71,76333.61,5.25444
2024-11-09 20:45:00,76333.61,76333.62,76303.51,76303.52,9.2248
2024-11-09 20:46:00,76303.51,76303.52,76295.08,76298.5,4.87545
2024-11-09 20:47:00,76298.51,76298.51,76298.5,76298.5,1.65499
2024-11-09 20:48:00,76298.51,76298.51,76266.14,76266.14,5.29088
2024-11-09 20:49:00,76266.14,76266.14,76229.34,76229.34,8.23424
2024-11-09 20:50:00,76229.35,76250.39,76227.79,76227.8,8.00981
2024-11-09 20:51:00,76227.79,76264.9,76227.79,76264.9,2.88507
2024-11-09 20:52:00,76264.9,76280.0,76262.08,76262.09,4.27455
2024-11-09 20:53:00,76262.09,76272.73,76262.08,76272.72,1.01038
2024-11-09 20:54:00,76272.72,76272.73,76268.11,76268.11,0.8253
2024-11-09 20:55:00,76268.12,76268.12,76260.94,76260.94,2.84601
2024-11-09 20:56:00,76260.95,76298.51,76260.94,76298.5,5.03293
2024-11-09 20:57:00,76298.51,76298.51,76298.5,76298.51,1.96247
2024-11-09 20:58:00,76298.51,76298.51,76276.56,76290.0,4.96145
2024-11-09 20:59:00,76290.0,76294.0,76289.99,76294.0,0.54357
2024-11-09 21:00:00,76293.99,76298.51,76284.0,76286.0,2.47256
2024-11-09 21:01:00,76286.0,76306.0,76267.15,76267.16,11.64635
2024-11-09 21:02:00,76267.16,76273.94,76267.15,76267.16,2.33092
2024-11-09 21:03:00,76267.15,76273.93,76248.82,76248.82,13.95425
2024-11-09 21:04:00,76248.83,76249.58,76246.86,76246.87,3.8663
2024-11-09 21:05:00,76246.86,76280.73,76246.86,76270.0,9.66804
2024-11-09 21:06:00,76270.01,76270.01,76246.86,76246.86,4.95029
2024-11-09 21:07:00,76246.87,76246.87,76227.52,76227.52,2.46511
2024-11-09 21:08:00,76227.53,76256.59,76227.52,76251.56,13.04075
2024-11-09 21:09:00,76251.56,76251.57,76235.61,76250.46,2.99137
2024-11-09 21:10:00,76250.47,76265.92,76250.46,76265.92,4.06256
2024-11-09 21:11:00,76265.92,76265.92,76262.08,76262.09,1.22916
2024-11-09 21:12:00,76262.09,76263.93,76255.13,76255.13,4.71701
2024-11-09 21:13:00,76255.13,76255.14,76240.0,76240.0,1.93247
2024-11-09 21:14:00,76240.0,76241.61,76240.0,76241.61,0.50691
2024-11-09 21:15:00,76241.61,76249.63,76241.6,76249.62,2.94206
2024-11-09 21:16:00,76249.62,76259.87,76228.35,76228.36,5.72589
2024-11-09 21:17:00,76228.36,76270.0,76228.35,76270.0,4.03722
2024-11-09 21:18:00,76269.99,76270.0,76266.02,76269.93,2.53212
2024-11-09 21:19:00,76269.94,76269.94,76252.94,76257.06,3.12723
2024-11-09 21:20:00,76257.06,76303.59,76257.06,76303.58,4.91789
2024-11-09 21:21:00,76303.59,76350.0,76303.58,76350.0,5.86342
2024-11-09 21:22:00,76350.0,76351.91,76344.97,76351.9,3.59092
2024-11-09 21:23:00,76351.91,76370.0,76344.77,76369.99,7.34484
2024-11-09 21:24:00,76370.0,76387.15,76369.99,76387.14,14.49495
2024-11-09 21:25:00,76387.15,76387.15,76360.0,76360.0,8.99448
2024-11-09 21:26:00,76360.01,76369.19,76360.0,76369.19,1.66265
2024-11-09 21:27:00,76369.19,76486.0,76369.18,76471.52,49.93235
2024-11-09 21:28:00,76471.52,76471.53,76460.0,76460.0,3.53474
2024-11-09 21:29:00,76460.01,76460.01,76441.88,76448.0,3.731
2024-11-09 21:30:00,76448.0,76448.0,76400.0,76405.24,11.56638
2024-11-09 21:31:00,76405.24,76408.0,76396.2,76400.94,6.75576
2024-11-09 21:32:00,76400.94,76415.38,76394.0,76396.65,3.78594
2024-11-09 21:33:00,76396.65,76412.44,76379.9,76379.9,12.55684
2024-11-09 21:34:00,76379.91,76384.0,76370.37,76382.94,22.48526
2024-11-09 21:35:00,76382.94,76407.11,76382.94,76382.96,22.92387
2024-11-09 21:36:00,76382.96,76382.97,76373.56,76373.56,3.4553
2024-11-09 21:37:00,76373.56,76373.57,76361.95,76361.95,8.55112
2024-11-09 21:38:00,76361.95,76361.96,76350.27,76350.83,21.48526
2024-11-09 21:39:00,76350.83,76350.84,76341.61,76347.99,1.48353
2024-11-09 21:40:00,76347.98,76359.78,76347.98,76359.77,8.62952
2024-11-09 21:41:00,76359.78,76360.0,76359.77,76359.99,0.66171
2024-11-09 21:42:00,76359.99,76361.1,76359.99,76361.1,0.68015
2024-11-09 21:43:00,76361.1,76371.68,76361.09,76371.68,6.8791
2024-11-09 21:44:00,76371.67,76415.38,76371.67,76415.37,6.44041
2024-11-09 21:45:00,76415.38,76432.39,76384.57,76384.58,10.71518
2024-11-09 21:46:00,76384.58,76416.47,76384.58,76416.46,3.82589
2024-11-09 21:47:00,76416.47,76416.47,76415.98,76415.98,2.58656
2024-11-09 21:48:00,76415.98,76415.99,76410.22,76410.23,7.97378
2024-11-09 21:49:00,76410.22,76410.23,76388.84,76388.84,4.63375
2024-11-09 21:50:00,76388.84,76388.85,76388.84,76388.84,0.95765
2024-11-09 21:51:00,76388.84,76388.85,76363.63,76363.63,3.89291
2024-11-09 21:52:00,76363.63,76371.99,76363.63,76371.98,9.06673
2024-11-09 21:53:00,76371.98,76385.55,76371.98,76385.54,1.60722
2024-11-09 21:54:00,76385.55,76385.55,76385.54,76385.55,0.55725
2024-11-09 21:55:00,76385.55,76406.59,76385.54,76406.59,7.32547
2024-11-09 21:56:00,76406.58,76440.0,76406.58,76440.0,3.86948
2024-11-09 21:57:00,76439.99,76450.0,76439.99,76449.99,2.9893
2024-11-09 21:58:00,76450.0,76460.61,76449.99,76460.61,5.35919
2024-11-09 21:59:00,76460.6,76460.61,76451.6,76451.6,2.66077
2024-11-09 22:00:00,76451.61,76451.61,76432.16,76432.16,2.60921
2024-11-09 22:01:00,76432.16,76449.78,76426.0,76449.78,7.84996
2024-11-09 22:02:00,76449.78,76459.91,76449.78,76459.9,2.4066
2024-11-09 22:03:00,76459.91,76459.91,76436.0,76439.98,4.56694
2024-11-09 22:04:00,76439.98,76454.0,76436.05,76436.06,6.27665
2024-11-09 22:05:00,76436.05,76436.06,76416.0,76416.0,7.3358
2024-11-09 22:06:00,76416.0,76416.0,76388.29,76388.3,2.80194
2024-11-09 22:07:00,76388.29,76388.3,76365.25,76375.99,6.66539
2024-11-09 22:08:00,76375.99,76384.56,76375.99,76378.52,7.20359
2024-11-09 22:09:00,76378.52,76388.0,76378.51,76388.0,2.6522
2024-11-09 22:10:00,76387.99,76398.0,76387.99,76398.0,2.41709
2024-11-09 22:11:00,76398.0,76398.0,76386.04,76386.04,2.46307
2024-11-09 22:12:00,76386.05,76390.0,76386.04,76389.99,2.90913
2024-11-09 22:13:00,76389.99,76390.0,76378.98,76378.99,2.39223
2024-11-09 22:14:00,76378.99,76387.28,76378.98,76387.27,1.74797
2024-11-09 22:15:00,76387.28,76387.28,76375.78,76375.78,1.70754
2024-11-09 22:16:00,76375.79,76387.28,76375.78,76387.28,2.50825
2024-11-09 22:17:00,76387.27,76440.0,76387.27,76439.99,7.08827
2024-11-09 22:18:00,76439.99,76440.0,76416.0,76419.68,13.17992
2024-11-09 22:19:00,76419.67,76419.68,76409.18,76409.19,3.71539
2024-11-09 22:20:00,76409.18,76409.19,76400.85,76400.86,3.44888
2024-11-09 22:21:00,76400.86,76400.86,76400.85,76400.85,2.33621
2024-11-09 22:22:00,76400.86,76400.86,76400.85,76400.85,2.37349
2024-11-09 22:23:00,76400.85,76400.86,76400.85,76400.85,3.68413
2024-11-09 22:24:00,76400.85,76406.0,76400.85,76406.0,3.53146
2024-11-09 22:25:00,76406.0,76412.09,76406.0,76412.08,4.51177
2024-11-09 22:26:00,76412.09,76428.0,76412.08,76428.0,6.24158
2024-11-09 22:27:00,76427.99,76428.0,76427.99,76427.99,0.56419
2024-11-09 22:28:00,76428.0,76446.58,76427.99,76446.58,3.44848
2024-11-09 22:29:00,76446.58,76462.87,76446.57,76462.86,4.66598
2024-11-09 22:30:00,76462.86,76500.0,76462.86,76489.66,18.81109
2024-11-09 22:31:00,76489.66,76489.66,76460.14,76460.14,5.83219
2024-11-09 22:32:00,76460.14,76460.15,76441.18,76441.18,2.29607
2024-11-09 22:33:00,76441.18,76465.99,76441.18,76465.99,7.76272
2024-11-09 22:34:00,76465.98,76484.69,76465.98,76484.69,2.28442
2024-11-09 22:35:00,76484.68,76495.71,76459.32,76465.46,21.46489
2024-11-09 22:36:00,76465.47,76500.0,76465.46,76481.99,31.66791
2024-11-09 22:37:00,76481.99,76489.75,76465.95,76465.95,7.97436
2024-11-09 22:38:00,76465.95,76497.97,76465.95,76497.96,11.27407
2024-11-09 22:39:00,76497.97,76500.0,76497.91,76500.0,13.83862
2024-11-09 22:40:00,76499.99,76514.99,76490.77,76490.77,7.93275
2024-11-09 22:41:00,76490.77,76490.78,76479.44,76479.44,2.65632
2024-11-09 22:42:00,76479.44,76479.45,76479.44,76479.45,2.21249
2024-11-09 22:43:00,76479.44,76510.96,76479.44,76510.95,6.21841
2024-11-09 22:44:00,76510.96,76518.61,76510.95,76518.61,5.53307
2024-11-09 22:45:00,76518.6,76518.6,76484.84,76484.84,6.06111
2024-11-09 22:46:00,76484.84,76606.34,76481.81,76555.59,44.09933
2024-11-09 22:47:00,76555.58,76596.0,76555.58,76589.57,12.77557
2024-11-09 22:48:00,76589.57,76589.58,76526.0,76526.01,10.19465
2024-11-09 22:49:00,76526.0,76526.01,76480.48,76480.48,13.40403
2024-11-09 22:50:00,76480.49,76480.49,76419.9,76419.9,12.42094
2024-11-09 22:51:00,76419.9,76492.0,76369.55,76454.0,25.68365
2024-11-09 22:52:00,76454.01,76492.0,76454.0,76491.99,4.73964
2024-11-09 22:53:00,76492.0,76571.2,76428.0,76436.02,47.12618
2024-11-09 22:54:00,76436.01,76550.0,76365.95,76518.01,47.94387
2024-11-09 22:55:00,76518.0,76562.0,76502.0,76554.0,29.39925
2024-11-09 22:56:00,76553.99,76566.22,76550.0,76550.0,20.16583
2024-11-09 22:57:00,76550.0,76550.96,76508.64,76540.67,18.18995
2024-11-09 22:58:00,76540.67,76580.0,76540.6,76579.99,17.94205
2024-11-09 22:59:00,76580.0,76580.0,76519.9,76519.9,27.42283
2024-11-09 23:00:00,76519.9,76530.33,76500.0,76502.01,22.48213
2024-11-09 23:01:00,76502.01,76542.0,76474.0,76536.01,20.47979
2024-11-09 23:02:00,76536.0,76595.99,76536.0,76591.99,27.67936
2024-11-09 23:03:00,76592.0,76594.0,76550.0,76594.0,26.73054
2024-11-09 23:04:00,76594.0,76620.0,76580.0,76620.0,20.58056
2024-11-09 23:05:00,76619.99,76645.19,76610.01,76645.19,28.46343
2024-11-09 23:06:00,76645.19,76645.19,76558.0,76580.0,27.98132
2024-11-09 23:07:00,76579.99,76649.97,76559.9,76628.0,31.3851
2024-11-09 23:08:00,76628.01,76690.0,76628.0,76683.99,36.91696
2024-11-09 23:09:00,76683.99,76750.9,76672.48,76711.33,102.5895
2024-11-09 23:10:00,76711.32,76711.33,76664.71,76664.71,16.79584
2024-11-09 23:11:00,76664.71,76664.71,76608.88,76624.99,14.25934
2024-11-09 23:12:00,76625.0,76657.02,76606.06,76652.26,12.87615
2024-11-09 23:13:00,76652.25,76652.26,76624.0,76624.0,8.08746
2024-11-09 23:14:00,76624.01,76624.01,76618.86,76618.86,5.1562
2024-11-09 23:15:00,76618.86,76640.0,76585.7,76612.0,26.37501
2024-11-09 23:16:00,76612.0,76640.0,76574.0,76592.6,24.57182
2024-11-09 23:17:00,76592.59,76610.0,76576.0,76586.02,13.08613
2024-11-09 23:18:00,76586.02,76636.0,76586.01,76635.99,13.9364
2024-11-09 23:19:00,76636.0,76664.0,76635.99,76663.99,15.981
2024-11-09 23:20:00,76664.0,76763.0,76663.99,76757.46,80.90932
2024-11-09 23:21:00,76757.47,76757.47,76732.0,76757.33,17.52967
2024-11-09 23:22:00,76757.32,76757.33,76739.05,76749.07,19.90034
2024-11-09 23:23:00,76749.08,76769.71,76749.08,76761.61,32.19684
2024-11-09 23:24:00,76761.61,76767.96,76761.6,76767.96,13.82048
2024-11-09 23:25:00,76767.96,76850.0,76767.95,76831.88,181.13312
2024-11-09 23:26:00,76831.88,76857.7,76824.56,76857.7,78.64089
2024-11-09 23:27:00,76857.69,76858.31,76841.46,76841.46,30.74971
2024-11-09 23:28:00,76841.46,76841.47,76796.81,76808.01,54.52788
2024-11-09 23:29:00,76808.0,76817.25,76806.0,76817.24,30.83868
2024-11-09 23:30:00,76817.24,76870.0,76809.05,76869.99,26.21726
2024-11-09 23:31:00,76869.99,76876.98,76823.48,76826.97,42.7235
2024-11-09 23:32:00,76826.96,76866.0,76826.96,76834.02,31.56152
2024-11-09 23:33:00,76834.03,76834.03,76730.0,76757.92,32.57839
2024-11-09 23:34:00,76757.91,76815.94,76744.22,76815.93,15.93464
2024-11-09 23:35:00,76815.93,76815.94,76784.57,76808.0,9.34236
2024-11-09 23:36:00,76808.0,76843.2,76788.0,76840.0,25.14547
2024-11-09 23:37:00,76839.99,76854.59,76802.0,76854.58,10.65219
2024-11-09 23:38:00,76854.58,76889.01,76846.0,76889.0,21.6363
2024-11-09 23:39:00,76889.01,76889.89,76882.0,76882.0,8.93412
2024-11-09 23:40:00,76882.0,76889.89,76874.07,76874.07,9.33764
2024-11-09 23:41:00,76874.08,76874.08,76852.88,76860.0,17.87187
2024-11-09 23:42:00,76860.01,76880.0,76860.0,76879.99,5.58791
2024-11-09 23:43:00,76879.99,76900.0,76879.99,76897.24,32.31489
2024-11-09 23:44:00,76897.23,76900.0,76893.99,76894.76,22.21936
2024-11-09 23:45:00,76894.76,76900.0,76874.0,76874.01,25.54498
2024-11-09 23:46:00,76874.01,76883.89,76829.77,76842.0,15.87727
2024-11-09 23:47:00,76842.0,76843.26,76770.49,76770.5,20.44449
2024-11-09 23:48:00,76770.49,76800.0,76754.96,76765.52,18.07718
2024-11-09 23:49:00,76765.52,76842.0,76765.52,76841.99,36.6148
2024-11-09 23:50:00,76841.99,76846.0,76814.52,76820.01,16.589
2024-11-09 23:51:00,76820.01,76826.04,76784.0,76791.99,21.52757
2024-11-09 23:52:00,76791.99,76792.0,76591.0,76650.96,129.08077
2024-11-09 23:53:00,76650.96,76673.93,76622.48,76673.93,20.01995
2024-11-09 23:54:00,76673.93,76676.72,76612.0,76631.57,16.24019
2024-11-09 23:55:00,76631.56,76678.0,76581.12,76668.53,29.13017
2024-11-09 23:56:00,76668.53,76725.25,76668.52,76725.24,20.79276
2024-11-09 23:57:00,76725.25,76774.0,76722.63,76770.56,23.8194
2024-11-09 23:58:00,76770.55,76770.56,76740.0,76740.0,9.48221
2024-11-09 23:59:00,76740.0,76740.01,76669.77,76677.46,21.66715
2024-11-10 00:00:00,76677.46,76714.96,76677.45,76677.47,11.12796
2024-11-10 00:01:00,76677.46,76677.47,76615.89,76615.9,15.07331
2024-11-10 00:02:00,76615.89,76615.9,76560.01,76560.01,46.05091
2024-11-10 00:03:00,76560.01,76570.21,76533.9,76541.58,23.66381
2024-11-10 00:04:00,76541.59,76548.0,76492.0,76542.88,152.91904
2024-11-10 00:05:00,76542.88,76600.19,76542.88,76598.01,47.08091
2024-11-10 00:06:00,76598.01,76619.3,76598.0,76619.3,6.06233
2024-11-10 00:07:00,76619.3,76619.3,76522.8,76541.49,28.86734
2024-11-10 00:08:00,76541.49,76569.77,76541.49,76566.03,26.48695
2024-11-10 00:09:00,76566.03,76611.49,76566.02,76600.0,13.68637
2024-11-10 00:10:00,76599.99,76619.99,76582.89,76619.99,11.05415
2024-11-10 00:11:00,76619.98,76635.67,76619.98,76635.67,7.12356
2024-11-10 00:12:00,76635.67,76652.0,76626.09,76651.99,9.46011
2024-11-10 00:13:00,76651.99,76664.06,76651.99,76664.05,6.29811
2024-11-10 00:14:00,76664.05,76690.0,76661.99,76689.47,14.51769
2024-11-10 00:15:00,76689.47,76712.0,76689.47,76711.99,9.14602
2024-11-10 00:16:00,76711.99,76740.0,76703.28,76740.0,11.85405
2024-11-10 00:17:00,76739.99,76740.0,76722.9,76722.91,9.88606
2024-11-10 00:18:00,76722.91,76745.33,76691.36,76745.32,9.48152
2024-11-10 00:19:00,76745.32,76746.0,76696.53,76696.53,15.43712
2024-11-10 00:20:00,76696.53,76707.1,76625.22,76625.22,13.85406
2024-11-10 00:21:00,76625.22,76636.37,76610.88,76636.37,25.30078
2024-11-10 00:22:00,76636.37,76686.0,76636.36,76686.0,7.54017
2024-11-10 00:23:00,76685.99,76743.94,76685.99,76730.0,15.40172
2024-11-10 00:24:00,76730.0,76761.26,76730.0,76742.01,6.6379
2024-11-10 00:25:00,76742.0,76764.3,76724.3,76761.27,16.7662
2024-11-10 00:26:00,76761.26,76823.3,76761.26,76823.3,94.34589
2024-11-10 00:27:00,76823.29,76900.0,76812.0,76892.05,229.82379
2024-11-10 00:28:00,76892.04,76892.05,76821.74,76824.0,36.22919
2024-11-10 00:29:00,76824.0,76838.0,76766.0,76796.01,17.56738
2024-11-10 00:30:00,76796.01,76806.37,76762.0,76762.01,10.63495
2024-11-10 00:31:00,76762.0,76795.99,76754.63,76791.91,13.03939
2024-11-10 00:32:00,76791.91,76791.91,76752.0,76762.01,9.88058
2024-11-10 00:33:00,76762.0,76766.0,76700.0,76734.0,12.22122
2024-11-10 00:34:00,76734.01,76734.01,76713.18,76713.18,2.50078
2024-11-10 00:35:00,76713.19,76737.61,76668.0,76677.99,14.06371
2024-11-10 00:36:00,76677.99,76700.95,76668.0,76669.99,5.27496
2024-11-10 00:37:00,76670.0,76705.0,76666.66,76704.99,7.79636
2024-11-10 00:38:00,76705.0,76785.81,76704.99,76785.8,20.96928
2024-11-10 00:39:00,76785.81,76807.49,76768.93,76807.49,11.39517
2024-11-10 00:40:00,76807.48,76807.49,76750.0,76770.0,16.66415
2024-11-10 00:41:00,76770.01,76804.0,76758.0,76804.0,7.54133
2024-11-10 00:42:00,76804.0,76834.0,76803.99,76833.99,12.07864
2024-11-10 00:43:00,76834.0,76879.99,76833.99,76879.99,14.83087
2024-11-10 00:44:00,76879.99,76895.0,76879.99,76894.99,22.32333
2024-11-10 00:45:00,76894.99,76937.6,76878.0,76920.0,137.31853
2024-11-10 00:46:00,76920.01,76970.0,76920.0,76952.02,31.76243
2024-11-10 00:47:00,76952.02,76953.98,76912.0,76953.97,35.42361
2024-11-10 00:48:00,76953.98,76964.0,76888.0,76888.0,22.08151
2024-11-10 00:49:00,76888.0,76930.43,76858.66,76930.42,37.80063
2024-11-10 00:50:00,76930.43,76944.0,76875.36,76943.99,11.72016
2024-11-10 00:51:00,76944.0,76952.0,76922.0,76942.0,13.8385
2024-11-10 00:52:00,76942.0,76942.01,76886.54,76901.99,16.18228
2024-11-10 00:53:00,76902.0,76938.33,76899.9,76899.9,14.98398
2024-11-10 00:54:00,76899.9,76915.74,76892.0,76904.0,5.90665
2024-11-10 00:55:00,76904.0,76960.0,76903.99,76959.99,18.40373
2024-11-10 00:56:00,76959.99,76977.26,76959.99,76977.26,8.93224
2024-11-10 00:57:00,76977.25,77100.0,76977.25,77049.0,278.08285
2024-11-10 00:58:00,77048.99,77068.0,76898.0,76933.02,75.88877
2024-11-10 00:59:00,76933.02,76960.0,76884.0,76884.01,20.26569
2024-11-10 01:00:00,76884.01,76890.0,76756.0,76801.99,43.22439
2024-11-10 01:01:00,76801.99,76825.98,76762.0,76786.0,19.12742
2024-11-10 01:02:00,76786.01,76876.0,76786.01,76857.94,24.70276
2024-11-10 01:03:00,76857.93,76944.0,76857.17,76944.0,11.93426
2024-11-10 01:04:00,76943.99,76964.0,76880.0,76880.0,16.01206
2024-11-10 01:05:00,76880.0,76918.0,76871.17,76918.0,10.77259
2024-11-10 01:06:00,76917.99,76940.0,76862.0,76878.01,11.59365
2024-11-10 01:07:00,76878.02,76878.02,76818.26,76822.0,12.55615
2024-11-10 01:08:00,76822.0,76827.27,76792.15,76792.15,9.87414
2024-11-10 01:09:00,76792.15,76792.16,76706.0,76706.0,25.45157
2024-11-10 01:10:00,76706.0,76750.0,76700.0,76750.0,14.01221
2024-11-10 01:11:00,76749.99,76774.32,76736.19,76771.98,16.45088
2024-11-10 01:12:00,76771.98,76771.99,76721.48,76744.0,21.95195
2024-11-10 01:13:00,76743.99,76769.99,76720.0,76730.0,10.46451
2024-11-10 01:14:00,76730.0,76743.99,76707.07,76707.07,15.46513
2024-11-10 01:15:00,76707.07,76800.0,76706.0,76771.66,27.73774
2024-11-10 01:16:00,76771.66,76775.99,76760.01,76760.01,6.3498
2024-11-10 01:17:00,76760.01,76760.02,76679.36,76720.01,16.69501
2024-11-10 01:18:00,76720.01,76761.58,76708.01,76712.0,50.85837
2024-11-10 01:19:00,76712.0,76739.85,76699.9,76711.16,15.76551
2024-11-10 01:20:00,76711.16,76740.0,76700.53,76712.0,9.48528
2024-11-10 01:21:00,76712.0,76727.0,76682.47,76701.99,13.93193
2024-11-10 01:22:00,76702.0,76719.52,76692.04,76709.48,26.93706
2024-11-10 01:23:00,76709.49,76721.5,76682.92,76721.5,9.73853
2024-11-10 01:24:00,76721.49,76788.99,76706.85,76788.99,11.91405
2024-11-10 01:25:00,76789.0,76793.99,76740.77,76749.8,12.1891
2024-11-10 01:26:00,76749.8,76790.0,76749.79,76759.9,7.77749
2024-11-10 01:27:00,76759.9,76759.91,76724.93,76724.93,3.8987
2024-11-10 01:28:00,76724.93,76780.0,76724.93,76778.0,14.43813
2024-11-10 01:29:00,76778.01,76788.54,76775.37,76788.43,22.6888
2024-11-10 01:30:00,76788.44,76820.0,76775.51,76820.0,26.08713
2024-11-10 01:31:00,76820.0,76849.99,76819.99,76849.99,21.27461
2024-11-10 01:32:00,76849.99,76849.99,76731.15,76731.15,33.25388
2024-11-10 01:33:00,76731.15,76737.5,76684.0,76689.99,16.48358
2024-11-10 01:34:00,76690.0,76732.0,76686.14,76707.67,14.48951
2024-11-10 01:35:00,76707.67,76760.0,76688.0,76753.99,8.85789
2024-11-10 01:36:00,76754.0,76776.0,76751.21,76768.51,7.57913
2024-11-10 01:37:00,76768.51,76768.52,76722.0,76722.0,6.11906
2024-11-10 01:38:00,76722.0,76740.0,76702.0,76702.0,7.65606
2024-11-10 01:39:00,76702.01,76720.0,76684.0,76684.01,5.65594
2024-11-10 01:40:00,76684.0,76716.0,76684.0,76698.0,8.48498
2024-11-10 01:41:00,76697.99,76729.83,76690.0,76726.37,5.47065
2024-11-10 01:42:00,76726.37,76726.38,76695.0,76695.0,7.05066
2024-11-10 01:43:00,76695.0,76720.0,76695.0,76706.0,4.61116
2024-11-10 01:44:00,76706.0,76748.0,76695.0,76711.06,8.62041
2024-11-10 01:45:00,76711.06,76740.0,76700.0,76739.99,16.56758
2024-11-10 01:46:00,76739.99,76743.78,76710.0,76743.77,9.80383
2024-11-10 01:47:00,76743.77,76753.75,76700.0,76750.77,17.34356
2024-11-10 01:48:00,76750.78,76761.28,76742.96,76761.27,6.91139
2024-11-10 01:49:00,76761.27,76778.0,76761.27,76778.0,9.84704
2024-11-10 01:50:00,76778.0,76800.0,76769.93,76775.24,12.51745
2024-11-10 01:51:00,76775.24,76780.95,76742.0,76749.54,7.11353
2024-11-10 01:52:00,76749.55,76749.55,76690.0,76692.54,18.65741
2024-11-10 01:53:00,76692.53,76711.7,76692.53,76698.31,6.29764
2024-11-10 01:54:00,76698.31,76710.0,76698.31,76702.0,4.33632
2024-11-10 01:55:00,76702.01,76703.92,76696.0,76696.0,1.7923
2024-11-10 01:56:00,76696.01,76717.78,76685.0,76685.01,8.57465
2024-11-10 01:57:00,76685.0,76711.99,76685.0,76688.01,5.9079
2024-11-10 01:58:00,76688.0,76695.18,76680.0,76695.17,6.70803
2024-11-10 01:59:00,76695.18,76713.85,76680.0,76702.31,25.0253
2024-11-10 02:00:00,76702.31,76745.98,76699.74,76741.99,16.43742
2024-11-10 02:01:00,76742.0,76742.0,76700.09,76703.08,16.06003
2024-11-10 02:02:00,76703.08,76723.27,76700.88,76700.88,4.50086
2024-11-10 02:03:00,76700.89,76716.0,76688.01,76688.01,5.33693
2024-11-10 02:04:00,76688.02,76688.02,76669.33,76670.0,5.60562
2024-11-10 02:05:00,76669.99,76680.35,76661.4,76680.34,15.48907
2024-11-10 02:06:00,76680.34,76684.0,76661.88,76661.89,5.8392
2024-11-10 02:07:00,76661.89,76684.93,76661.88,76684.92,7.46843
2024-11-10 02:08:00,76684.93,76914.0,76684.92,76906.01,81.47904
2024-11-10 02:09:00,76906.02,76906.02,76844.1,76844.1,23.76147
2024-11-10 02:10:00,76844.11,76896.79,76844.1,76870.03,16.40947
2024-11-10 02:11:00,76870.03,76909.87,76870.03,76903.99,21.38698
2024-11-10 02:12:00,76903.99,76904.0,76828.0,76860.0,17.1984
2024-11-10 02:13:00,76859.99,76874.1,76840.0,76874.09,6.03924
2024-11-10 02:14:00,76874.09,76878.0,76862.0,76875.3,18.08963
2024-11-10 02:15:00,76875.31,76888.89,76875.3,76888.88,5.66676
2024-11-10 02:16:00,76888.88,76924.0,76880.0,76918.36,8.155
2024-11-10 02:17:00,76918.36,76924.0,76915.77,76917.45,6.66314
2024-11-10 02:18:00,76917.45,76987.0,76915.77,76986.99,19.76672
2024-11-10 02:19:00,76986.99,77292.0,76986.99,77160.71,442.42085
2024-11-10 02:20:00,77160.7,77186.0,77120.41,77124.62,71.24527
2024-11-10 02:21:00,77124.63,77180.0,77061.52,77073.98,49.09895
2024-11-10 02:22:00,77073.98,77108.0,77066.0,77071.42,19.02314
2024-11-10 02:23:00,77071.43,77200.0,77071.42,77158.15,76.05594
2024-11-10 02:24:00,77158.14,77234.71,77152.8,77224.47,42.83346
2024-11-10 02:25:00,77224.48,77244.33,77224.47,77244.32,40.07703
2024-11-10 02:26:00,77244.31,77434.1,77244.31,77394.94,233.688725
2024-11-10 02:27:00,77394.94,77498.0,77326.01,77460.0,86.00398
2024-11-10 02:28:00,77460.0,77472.0,77402.0,77430.01,52.26463
2024-11-10 02:29:00,77430.01,77441.25,77284.0,77284.0,44.96427
2024-11-10 02:30:00,77284.0,77340.0,77170.0,77175.99,137.44725
2024-11-10 02:31:00,77175.99,77218.52,77140.44,77200.33,42.74777
2024-11-10 02:32:00,77200.33,77249.67,77200.33,77216.0,21.83961
2024-11-10 02:33:00,77216.0,77273.11,77190.0,77239.99,42.84957
2024-11-10 02:34:00,77240.0,77266.64,77222.04,77265.99,15.77189
2024-11-10 02:35:00,77265.99,77270.0,77228.79,77253.19,12.97986
2024-11-10 02:36:00,77253.19,77253.2,77184.0,77209.98,11.97805
2024-11-10 02:37:00,77209.98,77209.99,77184.0,77186.0,16.60649
2024-11-10 02:38:00,77185.99,77218.0,77170.87,77190.0,12.91538
2024-11-10 02:39:00,77189.99,77259.97,77189.99,77259.96,10.33621
2024-11-10 02:40:00,77259.96,77332.0,77222.0,77331.99,16.15409
2024-11-10 02:41:00,77331.99,77340.0,77288.0,77333.99,19.26653
2024-11-10 02:42:00,77334.0,77384.0,77333.99,77383.99,21.96477
2024-11-10 02:43:00,77384.0,77397.39,77340.15,77366.0,18.14673
2024-11-10 02:44:00,77365.99,77397.4,77365.99,77392.53,15.64742
2024-11-10 02:45:00,77392.53,77486.85,77378.48,77474.75,87.11822
2024-11-10 02:46:00,77474.75,77474.75,77432.0,77462.14,22.68028
2024-11-10 02:47:00,77462.15,77462.15,77362.0,77362.01,26.47476
2024-11-10 02:48:00,77362.0,77374.5,77286.94,77369.99,60.02899
2024-11-10 02:49:00,77369.99,77369.99,77326.08,77333.0,16.892
2024-11-10 02:50:00,77333.0,77365.92,77320.84,77323.75,22.69152
2024-11-10 02:51:00,77323.75,77375.24,77310.91,77370.68,57.44651
2024-11-10 02:52:00,77370.68,77400.0,77340.0,77358.83,13.30357
2024-11-10 02:53:00,77358.83,77390.0,77344.0,77356.08,35.75179
2024-11-10 02:54:00,77356.08,77382.01,77348.0,77348.01,28.26578
2024-11-10 02:55:00,77348.0,77363.9,77346.0,77346.01,4.46465
2024-11-10 02:56:00,77346.0,77346.01,77318.0,77318.01,15.13963
2024-11-10 02:57:00,77318.01,77318.01,77032.41,77098.0,139.32043
2024-11-10 02:58:00,77098.0,77098.01,77045.82,77056.0,58.25118
2024-11-10 02:59:00,77056.0,77078.0,77019.46,77033.99,49.46788
2024-11-10 03:00:00,77033.99,77091.33,77014.0,77025.39,61.22139
2024-11-10 03:01:00,77025.38,77038.0,77000.0,77000.0,40.11192
2024-11-10 03:02:00,77000.01,77010.11,76985.43,77006.0,26.40709
2024-11-10 03:03:00,77006.0,77074.0,76996.0,77055.73,14.70093
2024-11-10 03:04:00,77055.73,77064.8,77020.0,77050.51,20.82121
2024-11-10 03:05:00,77050.5,77120.0,77040.29,77120.0,22.77624
2024-11-10 03:06:00,77120.0,77157.04,77099.9,77151.99,19.12319
2024-11-10 03:07:00,77151.99,77191.92,77151.98,77160.46,15.88457
2024-11-10 03:08:00,77160.45,77180.0,77130.52,77180.0,13.99801
2024-11-10 03:09:00,77180.0,77180.0,77128.97,77141.99,11.00541
2024-11-10 03:10:00,77142.0,77163.0,77098.0,77114.0,23.10298
2024-11-10 03:11:00,77113.99,77117.65,77091.02,77117.65,10.61122
2024-11-10 03:12:00,77117.65,77240.0,77110.01,77239.99,70.223
2024-11-10 03:13:00,77239.99,77240.0,77218.0,77233.99,6.82946
2024-11-10 03:14:00,77234.0,77236.0,77184.0,77216.0,11.14528
2024-11-10 03:15:00,77216.0,77260.0,77212.8,77260.0,14.61396
2024-11-10 03:16:00,77259.99,77278.61,77238.24,77270.0,19.35949
2024-11-10 03:17:00,77270.0,77336.0,77266.0,77303.11,64.20252
2024-11-10 03:18:00,77303.11,77314.74,77286.0,77310.01,10.22969
2024-11-10 03:19:00,77310.01,77424.74,77310.0,77366.7,60.90552
2024-11-10 03:20:00,77366.7,77411.37,77366.69,77411.36,16.42379
2024-11-10 03:21:00,77411.36,77426.68,77374.0,77422.01,32.17505
2024-11-10 03:22:00,77422.0,77422.01,77392.0,77400.0,9.65733
2024-11-10 03:23:00,77400.0,77402.0,77350.0,77350.0,10.63111
2024-11-10 03:24:00,77350.0,77366.0,77328.0,77331.99,15.72385
2024-11-10 03:25:00,77331.99,77349.72,77290.41,77320.0,24.62295
2024-11-10 03:26:00,77320.0,77338.0,77314.14,77318.0,10.66777
2024-11-10 03:27:00,77318.01,77337.0,77316.0,77336.28,3.82502
2024-11-10 03:28:00,77336.29,77362.76,77336.28,77362.75,9.12061
2024-11-10 03:29:00,77362.75,77411.62,77353.51,77397.99,14.98221
2024-11-10 03:30:00,77397.99,77398.0,77324.57,77348.0,10.74378
2024-11-10 03:31:00,77348.0,77350.0,77332.0,77340.24,5.48942
2024-11-10 03:32:00,77340.25,77340.25,77304.75,77306.04,10.40266
2024-11-10 03:33:00,77306.03,77320.0,77292.0,77306.49,23.84877
2024-11-10 03:34:00,77306.5,77306.5,77292.0,77292.01,5.7316
2024-11-10 03:35:00,77292.0,77292.01,77264.41,77264.42,10.2422
2024-11-10 03:36:00,77264.42,77319.99,77264.41,77308.0,8.78883
2024-11-10 03:37:00,77307.99,77308.0,77285.09,77285.09,9.47886
2024-11-10 03:38:00,77285.1,77327.83,77285.09,77310.06,6.48255
2024-11-10 03:39:00,77310.06,77336.0,77310.05,77327.99,4.10346
2024-11-10 03:40:00,77327.99,77328.0,77281.62,77281.63,9.01093
2024-11-10 03:41:00,77281.63,77295.27,77280.0,77295.26,9.83809
2024-11-10 03:42:00,77295.27,77308.4,77295.27,77301.99,15.17881
2024-11-10 03:43:00,77302.0,77302.0,77263.35,77270.0,8.47344
2024-11-10 03:44:00,77270.0,77350.0,77269.99,77347.6,31.0887
2024-11-10 03:45:00,77347.59,77347.6,77270.0,77270.01,9.29929
2024-11-10 03:46:00,77270.01,77278.0,77260.0,77277.99,5.96576
2024-11-10 03:47:00,77277.99,77288.6,77277.99,77278.0,6.4782
2024-11-10 03:48:00,77278.01,77278.01,77260.0,77263.54,4.16491
2024-11-10 03:49:00,77263.55,77278.0,77263.54,77266.0,4.56218
2024-11-10 03:50:00,77266.0,77266.01,77225.12,77225.12,9.51172
2024-11-10 03:51:00,77225.12,77260.0,77225.12,77250.75,9.62191
2024-11-10 03:52:00,77250.74,77256.0,77245.54,77245.54,9.8514
2024-11-10 03:53:00,77245.55,77245.55,77225.12,77225.13,6.66715
2024-11-10 03:54:00,77225.12,77225.12,77220.14,77220.14,5.13596
2024-11-10 03:55:00,77220.14,77232.33,77199.9,77232.32,11.11388
2024-11-10 03:56:00,77232.33,77233.91,77184.84,77216.94,32.32048
2024-11-10 03:57:00,77216.94,77244.32,77202.0,77244.32,8.66239
2024-11-10 03:58:00,77244.32,77244.32,77205.95,77205.96,35.73481
2024-11-10 03:59:00,77205.96,77215.27,77205.96,77205.96,9.74316
2024-11-10 04:00:00,77205.97,77236.0,77202.01,77202.01,11.54504
2024-11-10 04:01:00,77202.01,77219.99,77156.0,77156.0,21.44463
2024-11-10 04:02:00,77156.0,77204.0,77151.51,77180.01,11.42797
2024-11-10 04:03:00,77180.0,77196.0,77180.0,77180.05,8.25016
2024-11-10 04:04:00,77180.06,77182.88,77138.0,77138.0,8.33157
2024-11-10 04:05:00,77138.0,77180.0,77138.0,77176.04,5.69584
2024-11-10 04:06:00,77176.03,77232.87,77176.03,77224.0,9.92739
2024-11-10 04:07:00,77224.0,77280.0,77224.0,77266.01,11.41875
2024-11-10 04:08:00,77266.0,77300.0,77266.0,77299.99,6.7383
2024-11-10 04:09:00,77300.0,77302.0,77268.0,77268.01,9.48652
2024-11-10 04:10:00,77268.01,77300.0,77268.0,77299.99,6.73158
2024-11-10 04:11:00,77300.0,77302.0,77287.25,77301.99,9.00441
2024-11-10 04:12:00,77301.99,77336.67,77301.99,77329.49,8.60722
2024-11-10 04:13:00,77329.49,77329.49,77299.9,77299.91,3.9604
2024-11-10 04:14:00,77299.9,77312.84,77299.88,77312.84,3.55686
2024-11-10 04:15:00,77312.83,77324.0,77279.9,77324.0,9.81559
2024-11-10 04:16:00,77324.0,77324.0,77288.25,77290.0,7.95034
2024-11-10 04:17:00,77290.0,77324.0,77280.01,77292.0,13.84275
2024-11-10 04:18:00,77292.0,77338.55,77291.99,77338.54,17.42123
2024-11-10 04:19:00,77338.54,77338.54,77300.66,77324.0,7.81032
2024-11-10 04:20:00,77323.99,77332.0,77294.51,77306.0,7.55145
2024-11-10 04:21:00,77306.01,77322.0,77306.01,77312.72,17.1781
2024-11-10 04:22:00,77312.71,77334.0,77300.77,77300.77,21.7848
2024-11-10 04:23:00,77300.77,77300.78,77272.72,77289.95,7.53568
2024-11-10 04:24:00,77289.95,77289.96,77282.96,77282.96,5.59339
2024-11-10 04:25:00,77282.96,77282.97,77274.0,77274.01,2.67217
2024-11-10 04:26:00,77274.01,77297.67,77265.06,77288.0,16.7776
2024-11-10 04:27:00,77287.99,77313.14,77287.99,77294.88,7.40343
2024-11-10 04:28:00,77294.89,77300.0,77280.43,77299.99,5.86859
2024-11-10 04:29:00,77299.99,77299.99,77288.22,77288.23,2.17937
2024-11-10 04:30:00,77288.23,77309.69,77288.22,77309.69,7.1124
2024-11-10 04:31:00,77309.68,77333.34,77309.68,77333.34,5.23492
2024-11-10 04:32:00,77333.33,77397.4,77333.33,77397.4,22.31498
2024-11-10 04:33:00,77397.4,77777.0,77397.39,77777.0,611.358112
2024-11-10 04:34:00,77777.0,77943.89,77770.0,77885.81,366.426604
2024-11-10 04:35:00,77885.8,77997.0,77810.58,77816.01,136.014359
2024-11-10 04:36:00,77816.01,77816.01,77677.42,77713.99,94.70585
2024-11-10 04:37:00,77714.0,77803.95,77710.08,77738.84,66.86866
2024-11-10 04:38:00,77738.84,77889.8,77738.84,77864.01,54.75606
2024-11-10 04:39:00,77864.0,77876.0,77760.32,77873.96,60.08002
2024-11-10 04:40:00,77873.95,77873.96,77766.0,77788.97,28.46861
2024-11-10 04:41:00,77788.97,77793.04,77694.62,77718.01,41.32573
2024-11-10 04:42:00,77718.0,77854.0,77714.0,77814.01,25.28864
2024-11-10 04:43:00,77814.01,77834.0,77766.0,77822.22,27.24299
2024-11-10 04:44:00,77822.22,77890.77,77814.0,77867.39,27.88158
2024-11-10 04:45:00,77867.39,78089.72,77867.39,78022.02,312.35297
2024-11-10 04:46:00,78022.02,78071.27,77900.0,77960.0,69.24284
2024-11-10 04:47:00,77960.0,77988.0,77912.41,77972.0,35.89052
2024-11-10 04:48:00,77972.0,77986.0,77946.0,77954.92,19.66976
2024-11-10 04:49:00,77954.91,78169.81,77940.0,78021.31,325.1533
2024-11-10 04:50:00,78021.3,78146.0,78021.28,78146.0,50.4682
2024-11-10 04:51:00,78146.0,78231.39,78069.99,78175.99,142.042308
2024-11-10 04:52:00,78175.99,78260.0,78175.99,78252.02,85.9931
2024-11-10 04:53:00,78252.01,78991.1,78233.47,78990.53,457.094685
2024-11-10 04:54:00,78990.52,79255.0,78438.19,78996.51,1004.241695
2024-11-10 04:55:00,78996.51,79077.66,78505.59,78703.0,349.17927
2024-11-10 04:56:00,78703.0,78790.85,78591.3,78692.51,215.97223
2024-11-10 04:57:00,78692.51,78963.73,78692.51,78879.18,152.34422
2024-11-10 04:58:00,78879.18,79323.74,78879.18,79102.0,309.6513
2024-11-10 04:59:00,79101.99,79141.4,79001.0,79122.02,165.79335
2024-11-10 05:00:00,79122.02,79195.44,78857.98,78888.58,141.54872
2024-11-10 05:01:00,78888.57,78903.38,78803.38,78884.0,80.39485
2024-11-10 05:02:00,78884.01,79078.97,78884.01,79078.97,444.82254
2024-11-10 05:03:00,79078.97,79184.21,79051.99,79070.86,114.77853
2024-11-10 05:04:00,79070.86,79070.86,78919.42,79001.99,174.96552
2024-11-10 05:05:00,79001.99,79106.97,78963.99,79046.6,113.99357
2024-11-10 05:06:00,79046.6,79098.0,78991.48,79048.21,96.88257
2024-11-10 05:07:00,79048.21,79184.3,78996.0,79128.72,189.44199
2024-11-10 05:08:00,79128.71,79268.0,79096.54,79186.14,116.54876
2024-11-10 05:09:00,79186.14,79327.0,79158.17,79158.17,126.63578
2024-11-10 05:10:00,79158.17,79223.58,79082.63,79087.99,127.26008
2024-11-10 05:11:00,79087.99,79162.79,79048.21,79162.79,52.02677
2024-11-10 05:12:00,79162.8,79255.0,79124.21,79168.32,115.71014
2024-11-10 05:13:00,79168.33,79255.75,79073.99,79092.04,124.46128
2024-11-10 05:14:00,79092.04,79157.96,79036.29,79042.03,88.75643
2024-11-10 05:15:00,79042.03,79126.55,79042.03,79114.0,87.4912
2024-11-10 05:16:00,79114.0,79140.88,79080.66,79140.87,58.96001
2024-11-10 05:17:00,79140.87,79231.12,79128.0,79193.16,87.43501
2024-11-10 05:18:00,79193.15,79290.0,79193.15,79252.0,94.36003
2024-11-10 05:19:00,79252.0,79326.15,79219.22,79270.73,85.80214
2024-11-10 05:20:00,79270.73,79295.56,79177.0,79200.26,67.58065
2024-11-10 05:21:00,79200.26,79272.28,79182.04,79272.27,47.14925
2024-11-10 05:22:00,79272.27,79280.0,79234.4,79243.08,38.38109
2024-11-10 05:23:00,79243.08,79326.0,79227.23,79309.87,43.77151
2024-11-10 05:24:00,79309.86,79350.0,79255.18,79307.24,69.404559
2024-11-10 05:25:00,79307.23,79474.64,79297.47,79455.85,103.999593
2024-11-10 05:26:00,79455.85,79491.92,79370.0,79478.01,147.93078
2024-11-10 05:27:00,79478.01,79611.33,79462.28,79570.0,296.888754
2024-11-10 05:28:00,79570.01,79608.0,79470.0,79510.01,107.8501
2024-11-10 05:29:00,79510.01,79788.96,79500.75,79653.01,270.754033
2024-11-10 05:30:00,79653.0,79666.52,79505.0,79598.0,144.88812
2024-11-10 05:31:00,79598.0,79617.15,79485.02,79486.54,69.46058
2024-11-10 05:32:00,79486.54,79512.73,79429.72,79504.0,61.69067
2024-11-10 05:33:00,79503.99,79503.99,79402.18,79470.78,75.42606
2024-11-10 05:34:00,79470.77,79471.99,79412.54,79447.62,41.58713
2024-11-10 05:35:00,79447.61,79458.0,79378.23,79456.01,68.18006
2024-11-10 05:36:00,79456.0,79588.0,79454.0,79587.99,50.30617
2024-11-10 05:37:00,79587.99,79615.76,79462.51,79523.15,74.02661
2024-11-10 05:38:00,79523.15,79614.23,79472.73,79580.03,128.081
2024-11-10 05:39:00,79580.04,79639.82,79557.19,79584.01,111.60856
2024-11-10 05:40:00,79584.0,79615.92,79500.49,79540.72,72.08759
2024-11-10 05:41:00,79540.71,79559.38,79492.49,79492.5,46.59561
2024-11-10 05:42:00,79492.5,79739.0,79482.0,79724.01,99.41071
2024-11-10 05:43:00,79724.01,79759.2,79588.14,79591.44,168.95583
2024-11-10 05:44:00,79591.44,79594.0,79555.36,79568.17,48.721
2024-11-10 05:45:00,79568.17,79586.69,79540.0,79545.91,61.89103
2024-11-10 05:46:00,79545.9,79599.86,79545.9,79599.86,32.23909
2024-11-10 05:47:00,79599.85,79623.34,79579.9,79590.78,44.95191
2024-11-10 05:48:00,79590.77,79618.19,79580.0,79607.95,38.6933
2024-11-10 05:49:00,79607.95,79607.95,79547.65,79547.65,45.20797
2024-11-10 05:50:00,79547.65,79580.0,79547.65,79570.0,35.91892
2024-11-10 05:51:00,79570.0,79598.01,79570.0,79590.01,32.05255
2024-11-10 05:52:00,79590.01,79590.01,79520.41,79530.0,41.34446
2024-11-10 05:53:00,79529.99,79530.0,79120.8,79183.99,200.7398
2024-11-10 05:54:00,79183.99,79262.15,79161.86,79182.23,187.04505
2024-11-10 05:55:00,79182.23,79238.0,79117.61,79117.61,74.28818
2024-11-10 05:56:00,79117.61,79140.0,79000.0,79000.0,81.55362
2024-11-10 05:57:00,79000.0,79171.0,78994.0,79166.02,89.40267
2024-11-10 05:58:00,79166.02,79216.27,79124.0,79142.0,59.95077
2024-11-10 05:59:00,79142.0,79152.08,79039.9,79064.16,47.13192
2024-11-10 06:00:00,79064.16,79099.62,78950.05,78978.78,65.00371
2024-11-10 06:01:00,78978.77,79003.25,78917.87,79003.25,120.41425
2024-11-10 06:02:00,79003.24,79127.23,79003.24,79060.28,48.23031
2024-11-10 06:03:00,79060.28,79080.0,78924.19,78927.01,53.33013
2024-11-10 06:04:00,78927.01,78954.55,78908.0,78933.14,61.65054
2024-11-10 06:05:00,78933.14,79047.69,78906.12,79034.56,74.64986
2024-11-10 06:06:00,79034.55,79034.56,78968.01,79010.4,77.93038
2024-11-10 06:07:00,79010.41,79100.0,78984.01,79099.99,44.50937
2024-11-10 06:08:00,79099.99,79106.26,79086.79,79086.79,19.26553
2024-11-10 06:09:00,79086.8,79118.0,79074.07,79106.92,35.27564
2024-11-10 06:10:00,79106.91,79205.54,79099.69,79173.48,69.46635
2024-11-10 06:11:00,79173.48,79208.33,79173.48,79192.62,28.52004
2024-11-10 06:12:00,79192.61,79240.0,79181.96,79239.99,37.57839
2024-11-10 06:13:00,79240.0,79249.97,79099.9,79099.9,42.49187
2024-11-10 06:14:00,79099.9,79175.98,79095.15,79145.27,22.31486
2024-11-10 06:15:00,79145.27,79152.0,79108.38,79108.39,46.07466
2024-11-10 06:16:00,79108.38,79118.43,79034.0,79034.01,63.35313
2024-11-10 06:17:00,79034.0,79050.8,79003.72,79008.47,70.04308
2024-11-10 06:18:00,79008.47,79011.84,78972.68,79011.83,73.74452
2024-11-10 06:19:00,79011.84,79059.28,79002.01,79058.5,38.51023
2024-11-10 06:20:00,79058.5,79069.62,79039.9,79063.47,52.86114
2024-11-10 06:21:00,79063.47,79063.47,78941.62,79006.0,50.26767
2024-11-10 06:22:00,79006.0,79006.01,78960.0,78998.0,17.79964
2024-11-10 06:23:00,78998.01,79046.62,78990.0,79041.55,29.40849
2024-11-10 06:24:00,79041.55,79041.56,79022.01,79028.95,16.36653
2024-11-10 06:25:00,79028.96,79049.98,79008.0,79040.66,13.63251
2024-11-10 06:26:00,79040.67,79053.98,79004.0,79012.98,28.32018
2024-11-10 06:27:00,79012.98,79028.79,79000.0,79003.01,14.93972
2024-11-10 06:28:00,79003.0,79011.91,78967.85,78967.85,13.34763
2024-11-10 06:29:00,78967.85,78967.86,78925.19,78925.2,71.04394
2024-11-10 06:30:00,78925.19,78925.2,78888.0,78892.02,47.17006
2024-11-10 06:31:00,78892.03,78893.99,78866.0,78866.01,38.86096
2024-11-10 06:32:00,78866.01,78906.0,78770.07,78906.0,92.77343
2024-11-10 06:33:00,78905.99,78918.0,78794.1,78814.0,39.21323
2024-11-10 06:34:00,78814.0,78850.0,78796.01,78833.8,41.76646
2024-11-10 06:35:00,78833.8,78837.09,78770.34,78783.99,37.91589
2024-11-10 06:36:00,78783.99,78844.0,78783.98,78814.01,18.23504
2024-11-10 06:37:00,78814.01,78815.24,78798.23,78799.98,18.30729
2024-11-10 06:38:00,78799.99,78920.0,78794.0,78874.14,33.96396
2024-11-10 06:39:00,78874.15,78896.89,78871.64,78872.0,25.33156
2024-11-10 06:40:00,78871.99,78890.0,78871.65,78871.65,17.27976
2024-11-10 06:41:00,78871.65,78871.65,78800.01,78800.02,27.9951
2024-11-10 06:42:00,78800.01,78800.02,78790.0,78795.99,23.50674
2024-11-10 06:43:00,78795.99,78795.99,78705.83,78710.0,28.83105
2024-11-10 06:44:00,78710.0,78739.7,78690.0,78739.69,48.44462
2024-11-10 06:45:00,78739.69,78766.21,78702.39,78702.4,17.98229
2024-11-10 06:46:00,78702.39,78702.4,78635.26,78661.98,41.55713
2024-11-10 06:47:00,78661.99,78661.99,78631.0,78632.15,39.65904
2024-11-10 06:48:00,78632.16,78675.0,78612.0,78652.78,47.29938
2024-11-10 06:49:00,78652.78,78652.78,78625.38,78648.1,11.35107
2024-11-10 06:50:00,78648.1,78759.96,78648.1,78759.95,43.3174
2024-11-10 06:51:00,78759.96,78826.29,78754.05,78826.29,46.22761
2024-11-10 06:52:00,78826.29,78878.0,78826.28,78830.29,23.73339
2024-11-10 06:53:00,78830.29,78830.29,78782.0,78787.78,30.21664
2024-11-10 06:54:00,78787.78,78835.0,78768.9,78835.0,41.88688
2024-11-10 06:55:00,78834.99,78880.0,78834.99,78855.21,24.15965
2024-11-10 06:56:00,78855.21,78888.0,78844.0,78860.01,22.04703
2024-11-10 06:57:00,78860.01,78887.89,78844.0,78874.95,32.17037
2024-11-10 06:58:00,78874.95,78887.17,78860.0,78887.16,9.87659
2024-11-10 06:59:00,78887.16,78903.42,78880.0,78903.42,8.42326
2024-11-10 07:00:00,78903.42,78989.95,78903.41,78984.2,55.24012
2024-11-10 07:01:00,78984.19,79016.8,78982.01,78984.9,56.48189
2024-11-10 07:02:00,78984.9,78999.08,78979.9,78979.9,27.43303
2024-11-10 07:03:00,78979.9,78979.9,78920.0,78945.44,27.11675
2024-11-10 07:04:00,78945.45,78977.0,78945.44,78968.89,24.49669
2024-11-10 07:05:00,78968.88,79021.5,78968.88,78992.31,178.38168
2024-11-10 07:06:00,78992.3,78994.0,78973.98,78980.43,14.85143
2024-11-10 07:07:00,78980.43,78992.91,78969.67,78981.73,13.36827
2024-11-10 07:08:00,78981.74,78995.99,78974.71,78992.0,19.6112
2024-11-10 07:09:00,78992.0,78992.0,78970.25,78989.57,13.13437
2024-11-10 07:10:00,78989.57,78989.57,78980.7,78984.0,5.31776
2024-11-10 07:11:00,78984.0,79074.97,78984.0,79074.96,23.13431
2024-11-10 07:12:00,79074.96,79098.0,79074.96,79095.31,17.31004
2024-11-10 07:13:00,79095.31,79095.32,79000.5,79047.96,37.22316
2024-11-10 07:14:00,79047.97,79060.0,79008.0,79017.49,11.3075
2024-11-10 07:15:00,79017.49,79031.48,79000.0,79023.99,26.48241
2024-11-10 07:16:00,79024.0,79066.66,79000.01,79065.98,81.29766
2024-11-10 07:17:00,79065.97,79089.0,79065.97,79086.37,8.94985
2024-11-10 07:18:00,79086.37,79121.36,79086.37,79120.0,41.4399
2024-11-10 07:19:00,79120.0,79138.69,79106.0,79133.99,27.45148
2024-11-10 07:20:00,79133.98,79148.94,79100.0,79115.25,18.42884
2024-11-10 07:21:00,79115.25,79126.85,79061.06,79061.07,18.87253
2024-11-10 07:22:00,79061.06,79061.06,79000.0,79000.0,19.03609
2024-11-10 07:23:00,79000.0,79006.22,78964.0,78964.0,20.81065
2024-11-10 07:24:00,78964.0,79011.39,78952.81,79009.99,20.05318
2024-11-10 07:25:00,79010.0,79010.0,78966.0,78970.66,15.30158
2024-11-10 07:26:00,78970.66,78970.66,78962.64,78965.97,9.65382
2024-11-10 07:27:00,78965.97,78973.0,78934.0,78966.05,14.49714
2024-11-10 07:28:00,78966.06,79000.0,78958.86,78982.03,23.2134
2024-11-10 07:29:00,78982.03,78994.32,78926.0,78940.29,39.31158
2024-11-10 07:30:00,78940.29,78977.0,78940.29,78957.15,14.25937
2024-11-10 07:31:00,78957.16,78957.16,78934.07,78934.07,6.51715
2024-11-10 07:32:00,78934.07,78934.08,78906.77,78919.9,31.28547
2024-11-10 07:33:00,78919.89,78924.0,78919.89,78920.0,4.49395
2024-11-10 07:34:00,78920.0,78927.65,78914.0,78914.0,20.18526
2024-11-10 07:35:00,78914.0,78925.9,78914.0,78925.89,14.47973
2024-11-10 07:36:00,78925.9,79000.0,78925.89,78956.02,30.37507
2024-11-10 07:37:00,78956.02,79018.01,78956.01,79018.01,12.92767
2024-11-10 07:38:00,79018.01,79020.0,78970.0,78970.0,33.01578
2024-11-10 07:39:00,78970.0,78983.37,78820.0,78835.02,106.4739
2024-11-10 07:40:00,78835.02,78887.0,78814.01,78886.99,15.94416
2024-11-10 07:41:00,78886.99,78887.0,78827.68,78840.32,20.35721
2024-11-10 07:42:00,78840.31,78880.0,78840.31,78858.49,17.72264
2024-11-10 07:43:00,78858.49,78883.99,78848.46,78877.99,10.91121
2024-11-10 07:44:00,78877.99,78880.0,78859.9,78859.91,7.70381
2024-11-10 07:45:00,78859.91,78859.91,78822.0,78822.01,11.78895
2024-11-10 07:46:00,78822.01,78842.0,78812.23,78812.24,17.4964
2024-11-10 07:47:00,78812.23,78847.0,78812.22,78814.0,13.99334
2024-11-10 07:48:00,78814.0,78814.01,78765.76,78765.76,32.60588
2024-11-10 07:49:00,78765.76,78765.76,78743.98,78753.45,37.15719
2024-11-10 07:50:00,78753.45,78787.45,78753.45,78762.01,31.95676
2024-11-10 07:51:00,78762.0,78800.0,78758.96,78800.0,23.71364
2024-11-10 07:52:00,78800.0,78847.0,78800.0,78847.0,22.89091
2024-11-10 07:53:00,78846.99,78847.0,78830.72,78830.73,16.59025
2024-11-10 07:54:00,78830.72,78860.0,78830.72,78859.99,14.98662
2024-11-10 07:55:00,78860.0,78899.03,78859.99,78889.42,18.9712
2024-11-10 07:56:00,78889.41,78889.42,78847.59,78847.6,19.57995
2024-11-10 07:57:00,78847.59,78858.58,78833.99,78858.57,13.00902
2024-11-10 07:58:00,78858.57,78883.58,78833.99,78841.98,17.75208
2024-11-10 07:59:00,78841.98,78851.65,78816.03,78832.37,26.42155
2024-11-10 08:00:00,78832.36,78954.0,78832.36,78953.99,37.08451
2024-11-10 08:01:00,78953.99,78968.46,78926.03,78968.46,19.49984
2024-11-10 08:02:00,78968.45,78968.46,78940.01,78940.01,12.25187
2024-11-10 08:03:00,78940.02,78940.02,78932.13,78932.14,6.90583
2024-11-10 08:04:00,78932.14,78956.15,78888.0,78956.14,25.23089
2024-11-10 08:05:00,78956.14,78959.99,78942.0,78959.98,11.09337
2024-11-10 08:06:00,78959.99,79000.0,78956.01,78999.99,13.67407
2024-11-10 08:07:00,79000.0,79000.0,78970.01,78971.96,18.9084
2024-11-10 08:08:00,78971.97,78975.67,78971.96,78971.99,10.01896
2024-11-10 08:09:00,78971.99,79000.0,78971.98,79000.0,7.51733
2024-11-10 08:10:00,78999.99,79002.68,78988.01,78990.01,15.19169
2024-11-10 08:11:00,78990.0,79053.36,78990.0,79023.69,18.03445
2024-11-10 08:12:00,79023.68,79023.69,78972.15,78972.15,13.98171
2024-11-10 08:13:00,78972.15,78984.03,78972.15,78978.84,7.22617
2024-11-10 08:14:00,78978.84,78978.85,78964.25,78972.0,17.87832
2024-11-10 08:15:00,78971.99,78972.0,78932.7,78932.7,14.48122
2024-11-10 08:16:00,78932.7,78957.47,78932.7,78933.51,14.2095
2024-11-10 08:17:00,78933.51,78950.52,78928.32,78950.52,21.18977
2024-11-10 08:18:00,78950.51,78952.35,78950.51,78950.54,12.80167
2024-11-10 08:19:00,78950.54,78960.71,78930.04,78940.28,14.20792
2024-11-10 08:20:00,78940.27,78988.57,78938.0,78988.57,15.21915
2024-11-10 08:21:00,78988.56,79053.69,78987.55,79053.69,59.44937
2024-11-10 08:22:00,79053.69,79057.85,78988.56,78988.58,30.37139
2024-11-10 08:23:00,78988.59,79010.0,78968.81,79000.0,14.07156
2024-11-10 08:24:00,79000.01,79027.78,79000.0,79010.0,12.89372
2024-11-10 08:25:00,79010.01,79024.15,79004.0,79024.14,13.91729
2024-11-10 08:26:00,79024.15,79043.82,79014.0,79043.82,21.87515
2024-11-10 08:27:00,79043.81,79095.31,79043.81,79095.3,20.8251
2024-11-10 08:28:00,79095.3,79095.31,79080.0,79080.01,17.90605
2024-11-10 08:29:00,79080.01,79090.0,79056.02,79056.02,18.69733
2024-11-10 08:30:00,79056.02,79072.0,79056.02,79071.99,7.52578
2024-11-10 08:31:00,79071.99,79087.22,78960.0,78998.78,81.91428
2024-11-10 08:32:00,78998.78,79035.7,78991.23,79012.24,37.10975
2024-11-10 08:33:00,79012.23,79012.24,78980.0,78996.74,8.34543
2024-11-10 08:34:00,78996.74,79058.1,78996.74,79058.1,9.7193
2024-11-10 08:35:00,79058.09,79058.1,79028.1,79028.11,15.40074
2024-11-10 08:36:00,79028.1,79028.11,79016.64,79016.65,14.23418
2024-11-10 08:37:00,79016.65,79036.0,78990.07,78993.99,12.87414
2024-11-10 08:38:00,78994.0,79024.0,78993.99,79009.01,7.66258
2024-11-10 08:39:00,79009.0,79009.01,78996.0,78998.0,5.74923
2024-11-10 08:40:00,78998.0,78998.0,78966.21,78979.99,16.26994
2024-11-10 08:41:00,78979.99,79016.0,78964.04,79006.0,15.55651
2024-11-10 08:42:00,79006.0,79006.0,78987.94,78992.1,9.84847
2024-11-10 08:43:00,78992.09,79000.0,78984.2,78984.2,10.82144
2024-11-10 08:44:00,78984.2,78984.21,78920.0,78920.01,19.7579
2024-11-10 08:45:00,78920.0,78989.22,78908.12,78981.53,17.03907
2024-11-10 08:46:00,78981.53,79007.0,78981.53,79005.99,12.1417
2024-11-10 08:47:00,79006.0,79050.0,79006.0,79018.0,19.53715
2024-11-10 08:48:00,79018.0,79050.0,79018.0,79050.0,11.87443
2024-11-10 08:49:00,79049.99,79051.99,79024.0,79050.97,29.97323
2024-11-10 08:50:00,79050.97,79060.0,79030.0,79050.0,25.41667
2024-11-10 08:51:00,79050.0,79085.51,79049.99,79076.01,18.7714
2024-11-10 08:52:00,79076.01,79083.92,79076.0,79080.0,1.84219
